title,description,price,category,stock,imageUrl
Essential Towel,"The Essential Towel is the ultimate choice for Home & Kitchen enthusiasts. With ergonomic design and compact storage, you won't be disappointed.",63.97,Home & Kitchen,27,https://picsum.photos/seed/1000/300/300
Advanced Cage,"Discover the power of the Advanced Cage. Including long-lasting battery life and user-friendly interface, it is designed to last.",666.92,Pet Supplies,169,https://picsum.photos/seed/1001/300/300
Versatile Level,"The Versatile Level is the ultimate choice for Tools & Home Improvement enthusiasts. With easy functionality and water resistance, you won't be disappointed.",830.33,Tools & Home Improvement,140,https://picsum.photos/seed/1002/300/300
Compact Mask,"The Compact Mask is the ultimate choice for Health & Personal Care enthusiasts. With modern aesthetics and long-lasting battery life, you won't be disappointed.",15.27,Health & Personal Care,96,https://picsum.photos/seed/1003/300/300
Stylish Lotion,"Experience the best with our Stylish Lotion. Designed for maximum comfort, it offers user-friendly interface and easy functionality.",621.91,Health & Personal Care,62,https://picsum.photos/seed/1004/300/300
Compact Water Bottle,"Experience the best with our Compact Water Bottle. Designed for maximum comfort, it offers compact storage and ergonomic design.",106.02,Sports & Outdoors,461,https://picsum.photos/seed/1005/300/300
Stylish Compass,"Upgrade your lifestyle with this Stylish Compass. It features user-friendly interface, making it perfect for reliable performance.",203.81,Sports & Outdoors,436,https://picsum.photos/seed/1006/300/300
Essential Collar,"Discover the power of the Essential Collar. Including user-friendly interface and long-lasting battery life, it is designed to last.",488.01,Pet Supplies,207,https://picsum.photos/seed/1007/300/300
Versatile Toolbox,"Upgrade your lifestyle with this Versatile Toolbox. It features user-friendly interface, making it perfect for maximum comfort.",210.03,Tools & Home Improvement,356,https://picsum.photos/seed/1008/300/300
Versatile Compass,"Experience the best with our Versatile Compass. Designed for enhancing your home, it offers long-lasting battery life and seamless integration.",535.38,Sports & Outdoors,47,https://picsum.photos/seed/1009/300/300
Eco-friendly Tablet,"Experience the best with our Eco-friendly Tablet. Designed for maximum comfort, it offers ergonomic design and energy efficiency.",563.69,Electronics,419,https://picsum.photos/seed/1010/300/300
Eco-friendly Journal,"Discover the power of the Eco-friendly Journal. Including robust construction and user-friendly interface, it is designed to last.",651.04,Books,354,https://picsum.photos/seed/1011/300/300
Stylish First Aid Kit,"Experience the best with our Stylish First Aid Kit. Designed for improving efficiency, it offers rapid performance and seamless integration.",972.12,Health & Personal Care,489,https://picsum.photos/seed/1012/300/300
Compact Blender,"Upgrade your lifestyle with this Compact Blender. It features compact storage, making it perfect for reliable performance.",464.2,Home & Kitchen,123,https://picsum.photos/seed/1013/300/300
Durable Building Blocks,Our Durable Building Blocks combines style and functionality. Key features include robust construction and long-lasting battery life. Ideal for everyday use.,194.32,Toys & Games,14,https://picsum.photos/seed/1014/300/300
High-performance Comic,"Discover the power of the High-performance Comic. Including long-lasting battery life and robust construction, it is designed to last.",695.72,Books,278,https://picsum.photos/seed/1015/300/300
Versatile Model Kit,"The Versatile Model Kit is the ultimate choice for Toys & Games enthusiasts. With seamless integration and compact storage, you won't be disappointed.",606.12,Toys & Games,56,https://picsum.photos/seed/1016/300/300
Stylish Vacuum,Our Stylish Vacuum combines style and functionality. Key features include robust construction and energy efficiency. Ideal for everyday use.,518.05,Automotive,173,https://picsum.photos/seed/1017/300/300
Modern Guide,Our Modern Guide combines style and functionality. Key features include energy efficiency and easy functionality. Ideal for everyday use.,964.93,Books,236,https://picsum.photos/seed/1018/300/300
Versatile Water Bottle,"Experience the best with our Versatile Water Bottle. Designed for maximum comfort, it offers compact storage and rapid performance.",59.93,Sports & Outdoors,286,https://picsum.photos/seed/1019/300/300
High-performance Carrier,Our High-performance Carrier combines style and functionality. Key features include modern aesthetics and robust construction. Ideal for everyday use.,471.29,Pet Supplies,436,https://picsum.photos/seed/1020/300/300
Eco-friendly Oil,Our Eco-friendly Oil combines style and functionality. Key features include energy efficiency and seamless integration. Ideal for everyday use.,670.05,Automotive,40,https://picsum.photos/seed/1021/300/300
Versatile Towel,Our Versatile Towel combines style and functionality. Key features include water resistance and compact storage. Ideal for everyday use.,396.67,Home & Kitchen,469,https://picsum.photos/seed/1022/300/300
Advanced Tire Inflator,"Discover the power of the Advanced Tire Inflator. Including energy efficiency and long-lasting battery life, it is designed to last.",925.13,Automotive,83,https://picsum.photos/seed/1023/300/300
Durable Pillow,Our Durable Pillow combines style and functionality. Key features include robust construction and long-lasting battery life. Ideal for everyday use.,878.88,Home & Kitchen,152,https://picsum.photos/seed/1024/300/300
Compact Model Kit,"The Compact Model Kit is the ultimate choice for Toys & Games enthusiasts. With energy efficiency and seamless integration, you won't be disappointed.",185.81,Toys & Games,365,https://picsum.photos/seed/1025/300/300
Eco-friendly Wrench,"Discover the power of the Eco-friendly Wrench. Including energy efficiency and user-friendly interface, it is designed to last.",549.85,Tools & Home Improvement,403,https://picsum.photos/seed/1026/300/300
Eco-friendly First Aid Kit,Our Eco-friendly First Aid Kit combines style and functionality. Key features include ergonomic design and rapid performance. Ideal for everyday use.,886.22,Health & Personal Care,202,https://picsum.photos/seed/1027/300/300
High-performance Pliers,"The High-performance Pliers is the ultimate choice for Tools & Home Improvement enthusiasts. With user-friendly interface and high-quality materials, you won't be disappointed.",746.03,Tools & Home Improvement,48,https://picsum.photos/seed/1028/300/300
Advanced Water Bottle,"Upgrade your lifestyle with this Advanced Water Bottle. It features robust construction, making it perfect for outdoor adventures.",64.29,Sports & Outdoors,279,https://picsum.photos/seed/1029/300/300
High-performance Collar,Our High-performance Collar combines style and functionality. Key features include user-friendly interface and long-lasting battery life. Ideal for everyday use.,226.71,Pet Supplies,275,https://picsum.photos/seed/1030/300/300
Modern Pillow,"Upgrade your lifestyle with this Modern Pillow. It features easy functionality, making it perfect for gift giving.",254.74,Home & Kitchen,148,https://picsum.photos/seed/1031/300/300
High-performance Toaster,Our High-performance Toaster combines style and functionality. Key features include high-quality materials and easy functionality. Ideal for everyday use.,737.49,Home & Kitchen,336,https://picsum.photos/seed/1032/300/300
Premium Lamp,"The Premium Lamp is the ultimate choice for Home & Kitchen enthusiasts. With energy efficiency and ergonomic design, you won't be disappointed.",388.79,Home & Kitchen,246,https://picsum.photos/seed/1033/300/300
Durable Drone,"Discover the power of the Durable Drone. Including energy efficiency and easy functionality, it is designed to last.",499.36,Electronics,93,https://picsum.photos/seed/1034/300/300
Stylish Level,"Experience the best with our Stylish Level. Designed for improving efficiency, it offers long-lasting battery life and high-quality materials.",459.56,Tools & Home Improvement,21,https://picsum.photos/seed/1035/300/300
Advanced Atlas,"Discover the power of the Advanced Atlas. Including seamless integration and water resistance, it is designed to last.",818.76,Books,443,https://picsum.photos/seed/1036/300/300
High-performance Screwdriver,Our High-performance Screwdriver combines style and functionality. Key features include long-lasting battery life and robust construction. Ideal for everyday use.,210.71,Tools & Home Improvement,170,https://picsum.photos/seed/1037/300/300
Eco-friendly Dress,Our Eco-friendly Dress combines style and functionality. Key features include rapid performance and seamless integration. Ideal for everyday use.,527.31,Clothing,28,https://picsum.photos/seed/1038/300/300
Stylish Biography,"Discover the power of the Stylish Biography. Including user-friendly interface and rapid performance, it is designed to last.",449.72,Books,469,https://picsum.photos/seed/1039/300/300
Modern Laptop,Our Modern Laptop combines style and functionality. Key features include energy efficiency and compact storage. Ideal for everyday use.,550.22,Electronics,498,https://picsum.photos/seed/1040/300/300
High-performance Mask,Our High-performance Mask combines style and functionality. Key features include rapid performance and robust construction. Ideal for everyday use.,750.33,Health & Personal Care,309,https://picsum.photos/seed/1041/300/300
Stylish Helmet,"The Stylish Helmet is the ultimate choice for Sports & Outdoors enthusiasts. With high-quality materials and user-friendly interface, you won't be disappointed.",235.0,Sports & Outdoors,76,https://picsum.photos/seed/1042/300/300
Premium Bed,"Experience the best with our Premium Bed. Designed for improving efficiency, it offers long-lasting battery life and ergonomic design.",801.02,Pet Supplies,335,https://picsum.photos/seed/1043/300/300
Compact Blender,"Upgrade your lifestyle with this Compact Blender. It features rapid performance, making it perfect for enhancing your home.",149.79,Home & Kitchen,248,https://picsum.photos/seed/1044/300/300
Eco-friendly Jacket,"Upgrade your lifestyle with this Eco-friendly Jacket. It features seamless integration, making it perfect for improving efficiency.",294.22,Clothing,9,https://picsum.photos/seed/1045/300/300
Premium Rug,"Upgrade your lifestyle with this Premium Rug. It features water resistance, making it perfect for gift giving.",765.54,Home & Kitchen,449,https://picsum.photos/seed/1046/300/300
Modern Tent,"Experience the best with our Modern Tent. Designed for reliable performance, it offers compact storage and seamless integration.",279.95,Sports & Outdoors,360,https://picsum.photos/seed/1047/300/300
Versatile Oil,"Experience the best with our Versatile Oil. Designed for daily activities, it offers long-lasting battery life and seamless integration.",372.04,Automotive,409,https://picsum.photos/seed/1048/300/300
Modern Manual,"Discover the power of the Modern Manual. Including seamless integration and water resistance, it is designed to last.",332.09,Books,190,https://picsum.photos/seed/1049/300/300
Essential Rug,"Experience the best with our Essential Rug. Designed for daily activities, it offers water resistance and easy functionality.",474.44,Home & Kitchen,98,https://picsum.photos/seed/1050/300/300
Eco-friendly Jack,"Experience the best with our Eco-friendly Jack. Designed for improving efficiency, it offers water resistance and compact storage.",96.52,Automotive,485,https://picsum.photos/seed/1051/300/300
Eco-friendly Compass,"The Eco-friendly Compass is the ultimate choice for Sports & Outdoors enthusiasts. With long-lasting battery life and energy efficiency, you won't be disappointed.",709.88,Sports & Outdoors,419,https://picsum.photos/seed/1052/300/300
Advanced Blender,"Discover the power of the Advanced Blender. Including modern aesthetics and user-friendly interface, it is designed to last.",838.13,Home & Kitchen,409,https://picsum.photos/seed/1053/300/300
Stylish Vacuum,Our Stylish Vacuum combines style and functionality. Key features include water resistance and high-quality materials. Ideal for everyday use.,812.98,Automotive,129,https://picsum.photos/seed/1054/300/300
Compact Charger,"Experience the best with our Compact Charger. Designed for gift giving, it offers modern aesthetics and rapid performance.",842.93,Automotive,320,https://picsum.photos/seed/1055/300/300
Durable Pillow,"Discover the power of the Durable Pillow. Including user-friendly interface and easy functionality, it is designed to last.",57.27,Home & Kitchen,167,https://picsum.photos/seed/1056/300/300
High-performance Dog Food,"The High-performance Dog Food is the ultimate choice for Pet Supplies enthusiasts. With rapid performance and easy functionality, you won't be disappointed.",468.54,Pet Supplies,441,https://picsum.photos/seed/1057/300/300
Eco-friendly Knife Set,"Discover the power of the Eco-friendly Knife Set. Including energy efficiency and user-friendly interface, it is designed to last.",842.85,Home & Kitchen,242,https://picsum.photos/seed/1058/300/300
High-performance Shampoo,Our High-performance Shampoo combines style and functionality. Key features include ergonomic design and long-lasting battery life. Ideal for everyday use.,181.54,Health & Personal Care,158,https://picsum.photos/seed/1059/300/300
High-performance Guide,"Experience the best with our High-performance Guide. Designed for gift giving, it offers user-friendly interface and easy functionality.",399.0,Books,20,https://picsum.photos/seed/1060/300/300
Advanced Building Blocks,Our Advanced Building Blocks combines style and functionality. Key features include ergonomic design and long-lasting battery life. Ideal for everyday use.,867.87,Toys & Games,276,https://picsum.photos/seed/1061/300/300
Premium T-Shirt,Our Premium T-Shirt combines style and functionality. Key features include user-friendly interface and easy functionality. Ideal for everyday use.,946.95,Clothing,214,https://picsum.photos/seed/1062/300/300
Advanced Level,"Experience the best with our Advanced Level. Designed for reliable performance, it offers energy efficiency and user-friendly interface.",886.36,Tools & Home Improvement,481,https://picsum.photos/seed/1063/300/300
Stylish Dumbbell,Our Stylish Dumbbell combines style and functionality. Key features include water resistance and compact storage. Ideal for everyday use.,13.44,Sports & Outdoors,399,https://picsum.photos/seed/1064/300/300
Compact Leash,"Upgrade your lifestyle with this Compact Leash. It features compact storage, making it perfect for professional use.",980.74,Pet Supplies,486,https://picsum.photos/seed/1065/300/300
High-performance Jack,"Experience the best with our High-performance Jack. Designed for outdoor adventures, it offers energy efficiency and easy functionality.",680.66,Automotive,279,https://picsum.photos/seed/1066/300/300
Versatile Tent,"Upgrade your lifestyle with this Versatile Tent. It features rapid performance, making it perfect for reliable performance.",396.36,Sports & Outdoors,230,https://picsum.photos/seed/1067/300/300
Stylish Dash Cam,"Upgrade your lifestyle with this Stylish Dash Cam. It features energy efficiency, making it perfect for maximum comfort.",657.14,Automotive,224,https://picsum.photos/seed/1068/300/300
Premium Board Game,"Discover the power of the Premium Board Game. Including user-friendly interface and seamless integration, it is designed to last.",474.55,Toys & Games,28,https://picsum.photos/seed/1069/300/300
Modern Toolbox,"The Modern Toolbox is the ultimate choice for Tools & Home Improvement enthusiasts. With easy functionality and ergonomic design, you won't be disappointed.",460.21,Tools & Home Improvement,444,https://picsum.photos/seed/1070/300/300
Essential Backpack,"Discover the power of the Essential Backpack. Including long-lasting battery life and ergonomic design, it is designed to last.",398.68,Sports & Outdoors,3,https://picsum.photos/seed/1071/300/300
Versatile Hammer,"Experience the best with our Versatile Hammer. Designed for reliable performance, it offers long-lasting battery life and user-friendly interface.",604.36,Tools & Home Improvement,91,https://picsum.photos/seed/1072/300/300
Versatile Textbook,"Discover the power of the Versatile Textbook. Including energy efficiency and ergonomic design, it is designed to last.",699.88,Books,88,https://picsum.photos/seed/1073/300/300
Eco-friendly Charger,Our Eco-friendly Charger combines style and functionality. Key features include rapid performance and user-friendly interface. Ideal for everyday use.,47.34,Automotive,466,https://picsum.photos/seed/1074/300/300
Premium Yoga Mat,"The Premium Yoga Mat is the ultimate choice for Sports & Outdoors enthusiasts. With seamless integration and easy functionality, you won't be disappointed.",265.3,Sports & Outdoors,149,https://picsum.photos/seed/1075/300/300
Stylish Knife Set,Our Stylish Knife Set combines style and functionality. Key features include easy functionality and long-lasting battery life. Ideal for everyday use.,232.72,Home & Kitchen,207,https://picsum.photos/seed/1076/300/300
Modern Bowl,Our Modern Bowl combines style and functionality. Key features include user-friendly interface and energy efficiency. Ideal for everyday use.,708.54,Pet Supplies,483,https://picsum.photos/seed/1077/300/300
High-performance Dumbbell,"The High-performance Dumbbell is the ultimate choice for Sports & Outdoors enthusiasts. With compact storage and rapid performance, you won't be disappointed.",490.7,Sports & Outdoors,30,https://picsum.photos/seed/1078/300/300
Eco-friendly Tablet,"Experience the best with our Eco-friendly Tablet. Designed for reliable performance, it offers modern aesthetics and water resistance.",60.73,Electronics,348,https://picsum.photos/seed/1079/300/300
Essential Dumbbell,Our Essential Dumbbell combines style and functionality. Key features include high-quality materials and seamless integration. Ideal for everyday use.,759.8,Sports & Outdoors,156,https://picsum.photos/seed/1080/300/300
Advanced Screwdriver,"The Advanced Screwdriver is the ultimate choice for Tools & Home Improvement enthusiasts. With seamless integration and easy functionality, you won't be disappointed.",269.72,Tools & Home Improvement,248,https://picsum.photos/seed/1081/300/300
Modern Atlas,Our Modern Atlas combines style and functionality. Key features include energy efficiency and rapid performance. Ideal for everyday use.,621.61,Books,483,https://picsum.photos/seed/1082/300/300
Modern Mask,Our Modern Mask combines style and functionality. Key features include high-quality materials and user-friendly interface. Ideal for everyday use.,267.14,Health & Personal Care,466,https://picsum.photos/seed/1083/300/300
Versatile Vitamin,"Discover the power of the Versatile Vitamin. Including compact storage and robust construction, it is designed to last.",810.58,Health & Personal Care,259,https://picsum.photos/seed/1084/300/300
Modern Charger,"Upgrade your lifestyle with this Modern Charger. It features rapid performance, making it perfect for maximum comfort.",171.17,Electronics,38,https://picsum.photos/seed/1085/300/300
Eco-friendly Jacket,"Upgrade your lifestyle with this Eco-friendly Jacket. It features ergonomic design, making it perfect for gift giving.",796.3,Clothing,173,https://picsum.photos/seed/1086/300/300
Modern Bed,"The Modern Bed is the ultimate choice for Pet Supplies enthusiasts. With ergonomic design and long-lasting battery life, you won't be disappointed.",527.13,Pet Supplies,121,https://picsum.photos/seed/1087/300/300
Advanced Razor,"Experience the best with our Advanced Razor. Designed for outdoor adventures, it offers seamless integration and compact storage.",263.89,Health & Personal Care,4,https://picsum.photos/seed/1088/300/300
Compact Puzzle,"Upgrade your lifestyle with this Compact Puzzle. It features seamless integration, making it perfect for outdoor adventures.",320.36,Toys & Games,109,https://picsum.photos/seed/1089/300/300
Modern Bicycle,"Upgrade your lifestyle with this Modern Bicycle. It features user-friendly interface, making it perfect for gift giving.",547.61,Sports & Outdoors,395,https://picsum.photos/seed/1090/300/300
High-performance Plush Toy,"Upgrade your lifestyle with this High-performance Plush Toy. It features seamless integration, making it perfect for enhancing your home.",765.15,Toys & Games,448,https://picsum.photos/seed/1091/300/300
Premium Dress,"Discover the power of the Premium Dress. Including user-friendly interface and robust construction, it is designed to last.",964.12,Clothing,23,https://picsum.photos/seed/1092/300/300
Durable Tablet,"Upgrade your lifestyle with this Durable Tablet. It features ergonomic design, making it perfect for outdoor adventures.",761.27,Electronics,476,https://picsum.photos/seed/1093/300/300
Eco-friendly Shampoo,"Discover the power of the Eco-friendly Shampoo. Including rapid performance and long-lasting battery life, it is designed to last.",817.71,Pet Supplies,57,https://picsum.photos/seed/1094/300/300
Eco-friendly Perfume,"Discover the power of the Eco-friendly Perfume. Including easy functionality and long-lasting battery life, it is designed to last.",355.01,Health & Personal Care,291,https://picsum.photos/seed/1095/300/300
Compact Oil,Our Compact Oil combines style and functionality. Key features include rapid performance and energy efficiency. Ideal for everyday use.,639.18,Automotive,137,https://picsum.photos/seed/1096/300/300
Stylish Atlas,"Upgrade your lifestyle with this Stylish Atlas. It features easy functionality, making it perfect for enhancing your home.",528.39,Books,384,https://picsum.photos/seed/1097/300/300
Versatile Headphones,"Discover the power of the Versatile Headphones. Including seamless integration and rapid performance, it is designed to last.",921.41,Electronics,107,https://picsum.photos/seed/1098/300/300
Essential Helmet,"Upgrade your lifestyle with this Essential Helmet. It features modern aesthetics, making it perfect for daily activities.",222.97,Sports & Outdoors,480,https://picsum.photos/seed/1099/300/300
Versatile Vitamin,"The Versatile Vitamin is the ultimate choice for Health & Personal Care enthusiasts. With ergonomic design and high-quality materials, you won't be disappointed.",29.63,Health & Personal Care,202,https://picsum.photos/seed/1100/300/300
Compact Flashlight,Our Compact Flashlight combines style and functionality. Key features include energy efficiency and high-quality materials. Ideal for everyday use.,163.14,Sports & Outdoors,358,https://picsum.photos/seed/1101/300/300
Premium Textbook,"The Premium Textbook is the ultimate choice for Books enthusiasts. With easy functionality and modern aesthetics, you won't be disappointed.",445.32,Books,403,https://picsum.photos/seed/1102/300/300
Essential Rug,"Experience the best with our Essential Rug. Designed for daily activities, it offers energy efficiency and long-lasting battery life.",695.69,Home & Kitchen,210,https://picsum.photos/seed/1103/300/300
Stylish Socks,"The Stylish Socks is the ultimate choice for Clothing enthusiasts. With ergonomic design and compact storage, you won't be disappointed.",780.13,Clothing,1,https://picsum.photos/seed/1104/300/300
Compact Water Bottle,"Experience the best with our Compact Water Bottle. Designed for improving efficiency, it offers compact storage and rapid performance.",577.18,Sports & Outdoors,500,https://picsum.photos/seed/1105/300/300
Versatile Bed,"Experience the best with our Versatile Bed. Designed for professional use, it offers modern aesthetics and seamless integration.",257.37,Pet Supplies,94,https://picsum.photos/seed/1106/300/300
Modern Bowl,"The Modern Bowl is the ultimate choice for Pet Supplies enthusiasts. With user-friendly interface and compact storage, you won't be disappointed.",785.51,Pet Supplies,186,https://picsum.photos/seed/1107/300/300
Advanced Compass,Our Advanced Compass combines style and functionality. Key features include rapid performance and user-friendly interface. Ideal for everyday use.,943.56,Sports & Outdoors,285,https://picsum.photos/seed/1108/300/300
Stylish Cookbook,"The Stylish Cookbook is the ultimate choice for Books enthusiasts. With compact storage and modern aesthetics, you won't be disappointed.",419.53,Books,227,https://picsum.photos/seed/1109/300/300
Eco-friendly Soap,Our Eco-friendly Soap combines style and functionality. Key features include robust construction and ergonomic design. Ideal for everyday use.,590.64,Health & Personal Care,182,https://picsum.photos/seed/1110/300/300
High-performance Vase,"Experience the best with our High-performance Vase. Designed for maximum comfort, it offers high-quality materials and user-friendly interface.",825.78,Home & Kitchen,395,https://picsum.photos/seed/1111/300/300
Eco-friendly Shampoo,"Upgrade your lifestyle with this Eco-friendly Shampoo. It features energy efficiency, making it perfect for daily activities.",597.82,Pet Supplies,415,https://picsum.photos/seed/1112/300/300
High-performance Socks,"Discover the power of the High-performance Socks. Including rapid performance and long-lasting battery life, it is designed to last.",49.59,Clothing,311,https://picsum.photos/seed/1113/300/300
Advanced Camera,"Experience the best with our Advanced Camera. Designed for maximum comfort, it offers modern aesthetics and water resistance.",777.7,Electronics,353,https://picsum.photos/seed/1114/300/300
Compact Toolbox,Our Compact Toolbox combines style and functionality. Key features include user-friendly interface and rapid performance. Ideal for everyday use.,811.36,Tools & Home Improvement,242,https://picsum.photos/seed/1115/300/300
Stylish Model Kit,"The Stylish Model Kit is the ultimate choice for Toys & Games enthusiasts. With rapid performance and modern aesthetics, you won't be disappointed.",938.8,Toys & Games,274,https://picsum.photos/seed/1116/300/300
Versatile Atlas,"Experience the best with our Versatile Atlas. Designed for reliable performance, it offers compact storage and long-lasting battery life.",364.82,Books,136,https://picsum.photos/seed/1117/300/300
Advanced Socks,"Upgrade your lifestyle with this Advanced Socks. It features modern aesthetics, making it perfect for gift giving.",525.86,Clothing,245,https://picsum.photos/seed/1118/300/300
Advanced Pan,Our Advanced Pan combines style and functionality. Key features include energy efficiency and ergonomic design. Ideal for everyday use.,283.2,Home & Kitchen,162,https://picsum.photos/seed/1119/300/300
Modern Floor Mat,"Upgrade your lifestyle with this Modern Floor Mat. It features robust construction, making it perfect for outdoor adventures.",567.89,Automotive,288,https://picsum.photos/seed/1120/300/300
Premium Collar,Our Premium Collar combines style and functionality. Key features include modern aesthetics and long-lasting battery life. Ideal for everyday use.,588.38,Pet Supplies,305,https://picsum.photos/seed/1121/300/300
Versatile Cage,"The Versatile Cage is the ultimate choice for Pet Supplies enthusiasts. With long-lasting battery life and high-quality materials, you won't be disappointed.",893.28,Pet Supplies,169,https://picsum.photos/seed/1122/300/300
Eco-friendly Jack,"Experience the best with our Eco-friendly Jack. Designed for professional use, it offers high-quality materials and seamless integration.",305.6,Automotive,25,https://picsum.photos/seed/1123/300/300
Essential Lotion,Our Essential Lotion combines style and functionality. Key features include compact storage and seamless integration. Ideal for everyday use.,106.41,Health & Personal Care,462,https://picsum.photos/seed/1124/300/300
Compact Backpack,"Upgrade your lifestyle with this Compact Backpack. It features rapid performance, making it perfect for enhancing your home.",128.43,Sports & Outdoors,288,https://picsum.photos/seed/1125/300/300
Eco-friendly Gloves,"Experience the best with our Eco-friendly Gloves. Designed for improving efficiency, it offers rapid performance and water resistance.",111.19,Clothing,183,https://picsum.photos/seed/1126/300/300
Advanced Shampoo,"Upgrade your lifestyle with this Advanced Shampoo. It features water resistance, making it perfect for outdoor adventures.",176.8,Pet Supplies,19,https://picsum.photos/seed/1127/300/300
Modern Dress,"Experience the best with our Modern Dress. Designed for outdoor adventures, it offers ergonomic design and user-friendly interface.",50.46,Clothing,466,https://picsum.photos/seed/1128/300/300
Durable Drone,"Experience the best with our Durable Drone. Designed for daily activities, it offers high-quality materials and long-lasting battery life.",302.97,Electronics,138,https://picsum.photos/seed/1129/300/300
Durable Helmet,"Experience the best with our Durable Helmet. Designed for outdoor adventures, it offers rapid performance and compact storage.",445.64,Sports & Outdoors,307,https://picsum.photos/seed/1130/300/300
High-performance Level,"Upgrade your lifestyle with this High-performance Level. It features rapid performance, making it perfect for enhancing your home.",841.25,Tools & Home Improvement,414,https://picsum.photos/seed/1131/300/300
Durable Screwdriver,"Experience the best with our Durable Screwdriver. Designed for professional use, it offers seamless integration and high-quality materials.",606.19,Tools & Home Improvement,149,https://picsum.photos/seed/1132/300/300
Eco-friendly Card Game,"Discover the power of the Eco-friendly Card Game. Including rapid performance and robust construction, it is designed to last.",734.64,Toys & Games,139,https://picsum.photos/seed/1133/300/300
High-performance Hammer,"Experience the best with our High-performance Hammer. Designed for daily activities, it offers high-quality materials and easy functionality.",436.84,Tools & Home Improvement,309,https://picsum.photos/seed/1134/300/300
Compact Drone,Our Compact Drone combines style and functionality. Key features include easy functionality and rapid performance. Ideal for everyday use.,518.44,Toys & Games,416,https://picsum.photos/seed/1135/300/300
Compact Bed,"Experience the best with our Compact Bed. Designed for outdoor adventures, it offers rapid performance and compact storage.",283.84,Pet Supplies,479,https://picsum.photos/seed/1136/300/300
Stylish Scarf,"Discover the power of the Stylish Scarf. Including high-quality materials and robust construction, it is designed to last.",498.27,Clothing,281,https://picsum.photos/seed/1137/300/300
Essential Dash Cam,"Discover the power of the Essential Dash Cam. Including high-quality materials and robust construction, it is designed to last.",660.54,Automotive,109,https://picsum.photos/seed/1138/300/300
Essential Serum,"Discover the power of the Essential Serum. Including energy efficiency and high-quality materials, it is designed to last.",207.57,Health & Personal Care,363,https://picsum.photos/seed/1139/300/300
High-performance First Aid Kit,"The High-performance First Aid Kit is the ultimate choice for Health & Personal Care enthusiasts. With modern aesthetics and ergonomic design, you won't be disappointed.",750.19,Health & Personal Care,124,https://picsum.photos/seed/1140/300/300
Stylish Scarf,"Discover the power of the Stylish Scarf. Including energy efficiency and rapid performance, it is designed to last.",295.32,Clothing,148,https://picsum.photos/seed/1141/300/300
Stylish Dog Food,"Upgrade your lifestyle with this Stylish Dog Food. It features water resistance, making it perfect for reliable performance.",674.77,Pet Supplies,376,https://picsum.photos/seed/1142/300/300
Versatile First Aid Kit,"The Versatile First Aid Kit is the ultimate choice for Health & Personal Care enthusiasts. With seamless integration and compact storage, you won't be disappointed.",682.94,Health & Personal Care,377,https://picsum.photos/seed/1143/300/300
Modern Wrench,"Upgrade your lifestyle with this Modern Wrench. It features seamless integration, making it perfect for enhancing your home.",534.16,Tools & Home Improvement,491,https://picsum.photos/seed/1144/300/300
Eco-friendly Shampoo,Our Eco-friendly Shampoo combines style and functionality. Key features include ergonomic design and seamless integration. Ideal for everyday use.,683.9,Pet Supplies,183,https://picsum.photos/seed/1145/300/300
Versatile Screwdriver,"The Versatile Screwdriver is the ultimate choice for Tools & Home Improvement enthusiasts. With compact storage and robust construction, you won't be disappointed.",802.22,Tools & Home Improvement,475,https://picsum.photos/seed/1146/300/300
Stylish Charger,"Upgrade your lifestyle with this Stylish Charger. It features water resistance, making it perfect for gift giving.",703.45,Electronics,287,https://picsum.photos/seed/1147/300/300
Eco-friendly Headphones,"Experience the best with our Eco-friendly Headphones. Designed for professional use, it offers ergonomic design and modern aesthetics.",939.51,Electronics,198,https://picsum.photos/seed/1148/300/300
Modern Treats,"Discover the power of the Modern Treats. Including rapid performance and long-lasting battery life, it is designed to last.",146.64,Pet Supplies,259,https://picsum.photos/seed/1149/300/300
Durable Saw,"Experience the best with our Durable Saw. Designed for reliable performance, it offers energy efficiency and easy functionality.",378.13,Tools & Home Improvement,105,https://picsum.photos/seed/1150/300/300
Modern Puzzle,"Discover the power of the Modern Puzzle. Including high-quality materials and robust construction, it is designed to last.",429.9,Toys & Games,178,https://picsum.photos/seed/1151/300/300
Modern Gloves,"Discover the power of the Modern Gloves. Including user-friendly interface and robust construction, it is designed to last.",93.81,Clothing,472,https://picsum.photos/seed/1152/300/300
Premium Tent,"Discover the power of the Premium Tent. Including water resistance and energy efficiency, it is designed to last.",786.4,Sports & Outdoors,200,https://picsum.photos/seed/1153/300/300
Versatile Building Blocks,Our Versatile Building Blocks combines style and functionality. Key features include seamless integration and ergonomic design. Ideal for everyday use.,158.48,Toys & Games,342,https://picsum.photos/seed/1154/300/300
Eco-friendly Cage,"Experience the best with our Eco-friendly Cage. Designed for maximum comfort, it offers rapid performance and user-friendly interface.",265.38,Pet Supplies,472,https://picsum.photos/seed/1155/300/300
Stylish Card Game,"Upgrade your lifestyle with this Stylish Card Game. It features easy functionality, making it perfect for enhancing your home.",549.0,Toys & Games,259,https://picsum.photos/seed/1156/300/300
High-performance T-Shirt,"Upgrade your lifestyle with this High-performance T-Shirt. It features compact storage, making it perfect for daily activities.",88.13,Clothing,57,https://picsum.photos/seed/1157/300/300
Modern Jack,"Experience the best with our Modern Jack. Designed for outdoor adventures, it offers seamless integration and user-friendly interface.",843.56,Automotive,44,https://picsum.photos/seed/1158/300/300
Durable Dash Cam,"Upgrade your lifestyle with this Durable Dash Cam. It features high-quality materials, making it perfect for daily activities.",156.41,Automotive,117,https://picsum.photos/seed/1159/300/300
Eco-friendly Collar,"Upgrade your lifestyle with this Eco-friendly Collar. It features modern aesthetics, making it perfect for improving efficiency.",169.7,Pet Supplies,145,https://picsum.photos/seed/1160/300/300
Stylish Blender,Our Stylish Blender combines style and functionality. Key features include water resistance and rapid performance. Ideal for everyday use.,994.0,Home & Kitchen,93,https://picsum.photos/seed/1161/300/300
Premium Saw,"The Premium Saw is the ultimate choice for Tools & Home Improvement enthusiasts. With easy functionality and compact storage, you won't be disappointed.",159.54,Tools & Home Improvement,285,https://picsum.photos/seed/1162/300/300
Durable Hammer,Our Durable Hammer combines style and functionality. Key features include ergonomic design and modern aesthetics. Ideal for everyday use.,11.46,Tools & Home Improvement,45,https://picsum.photos/seed/1163/300/300
Durable Seat Cover,"The Durable Seat Cover is the ultimate choice for Automotive enthusiasts. With high-quality materials and robust construction, you won't be disappointed.",969.39,Automotive,456,https://picsum.photos/seed/1164/300/300
Modern Coffee Maker,"Experience the best with our Modern Coffee Maker. Designed for daily activities, it offers rapid performance and long-lasting battery life.",267.83,Home & Kitchen,113,https://picsum.photos/seed/1165/300/300
Durable Helmet,"Experience the best with our Durable Helmet. Designed for professional use, it offers water resistance and modern aesthetics.",999.73,Sports & Outdoors,90,https://picsum.photos/seed/1166/300/300
Eco-friendly Tablet,"Experience the best with our Eco-friendly Tablet. Designed for outdoor adventures, it offers energy efficiency and high-quality materials.",246.32,Electronics,236,https://picsum.photos/seed/1167/300/300
Durable Wrench,"Upgrade your lifestyle with this Durable Wrench. It features long-lasting battery life, making it perfect for enhancing your home.",448.0,Tools & Home Improvement,62,https://picsum.photos/seed/1168/300/300
Eco-friendly Pan,Our Eco-friendly Pan combines style and functionality. Key features include energy efficiency and ergonomic design. Ideal for everyday use.,982.99,Home & Kitchen,358,https://picsum.photos/seed/1169/300/300
Durable Shorts,"Upgrade your lifestyle with this Durable Shorts. It features energy efficiency, making it perfect for professional use.",586.93,Clothing,198,https://picsum.photos/seed/1170/300/300
Advanced Ladder,"Discover the power of the Advanced Ladder. Including rapid performance and robust construction, it is designed to last.",146.69,Tools & Home Improvement,14,https://picsum.photos/seed/1171/300/300
Advanced Shorts,"Discover the power of the Advanced Shorts. Including compact storage and user-friendly interface, it is designed to last.",400.1,Clothing,53,https://picsum.photos/seed/1172/300/300
Essential Bowl,"Discover the power of the Essential Bowl. Including long-lasting battery life and modern aesthetics, it is designed to last.",282.71,Pet Supplies,481,https://picsum.photos/seed/1173/300/300
Stylish Manual,"Upgrade your lifestyle with this Stylish Manual. It features water resistance, making it perfect for maximum comfort.",90.82,Books,496,https://picsum.photos/seed/1174/300/300
Premium Bed,"The Premium Bed is the ultimate choice for Pet Supplies enthusiasts. With easy functionality and modern aesthetics, you won't be disappointed.",204.72,Pet Supplies,220,https://picsum.photos/seed/1175/300/300
Premium Toaster,"The Premium Toaster is the ultimate choice for Home & Kitchen enthusiasts. With user-friendly interface and robust construction, you won't be disappointed.",307.01,Home & Kitchen,225,https://picsum.photos/seed/1176/300/300
Versatile Plush Toy,"Discover the power of the Versatile Plush Toy. Including easy functionality and long-lasting battery life, it is designed to last.",807.06,Toys & Games,173,https://picsum.photos/seed/1177/300/300
Eco-friendly Oil,"Experience the best with our Eco-friendly Oil. Designed for outdoor adventures, it offers high-quality materials and compact storage.",868.63,Automotive,11,https://picsum.photos/seed/1178/300/300
Modern Knife Set,"The Modern Knife Set is the ultimate choice for Home & Kitchen enthusiasts. With rapid performance and water resistance, you won't be disappointed.",735.87,Home & Kitchen,331,https://picsum.photos/seed/1179/300/300
Eco-friendly Screwdriver,"Upgrade your lifestyle with this Eco-friendly Screwdriver. It features high-quality materials, making it perfect for gift giving.",714.05,Tools & Home Improvement,269,https://picsum.photos/seed/1180/300/300
Premium Atlas,"Discover the power of the Premium Atlas. Including user-friendly interface and long-lasting battery life, it is designed to last.",168.87,Books,234,https://picsum.photos/seed/1181/300/300
Durable Speaker,Our Durable Speaker combines style and functionality. Key features include compact storage and user-friendly interface. Ideal for everyday use.,136.97,Electronics,99,https://picsum.photos/seed/1182/300/300
High-performance Battery,"The High-performance Battery is the ultimate choice for Automotive enthusiasts. With ergonomic design and high-quality materials, you won't be disappointed.",242.08,Automotive,374,https://picsum.photos/seed/1183/300/300
Durable T-Shirt,"Upgrade your lifestyle with this Durable T-Shirt. It features long-lasting battery life, making it perfect for maximum comfort.",258.14,Clothing,343,https://picsum.photos/seed/1184/300/300
Versatile Charger,"The Versatile Charger is the ultimate choice for Electronics enthusiasts. With energy efficiency and ergonomic design, you won't be disappointed.",672.69,Electronics,497,https://picsum.photos/seed/1185/300/300
Stylish Robot,Our Stylish Robot combines style and functionality. Key features include energy efficiency and seamless integration. Ideal for everyday use.,970.49,Toys & Games,491,https://picsum.photos/seed/1186/300/300
Stylish Model Kit,Our Stylish Model Kit combines style and functionality. Key features include energy efficiency and rapid performance. Ideal for everyday use.,147.26,Toys & Games,386,https://picsum.photos/seed/1187/300/300
Essential Car Wax,"Upgrade your lifestyle with this Essential Car Wax. It features modern aesthetics, making it perfect for gift giving.",911.28,Automotive,167,https://picsum.photos/seed/1188/300/300
High-performance Cat Toy,"The High-performance Cat Toy is the ultimate choice for Pet Supplies enthusiasts. With compact storage and easy functionality, you won't be disappointed.",555.23,Pet Supplies,8,https://picsum.photos/seed/1189/300/300
Durable First Aid Kit,Our Durable First Aid Kit combines style and functionality. Key features include ergonomic design and long-lasting battery life. Ideal for everyday use.,226.7,Health & Personal Care,309,https://picsum.photos/seed/1190/300/300
Eco-friendly Dog Food,"Experience the best with our Eco-friendly Dog Food. Designed for maximum comfort, it offers ergonomic design and high-quality materials.",871.47,Pet Supplies,225,https://picsum.photos/seed/1191/300/300
Modern Action Figure,"Discover the power of the Modern Action Figure. Including user-friendly interface and compact storage, it is designed to last.",112.68,Toys & Games,179,https://picsum.photos/seed/1192/300/300
Advanced Cookbook,"Experience the best with our Advanced Cookbook. Designed for gift giving, it offers compact storage and easy functionality.",206.69,Books,412,https://picsum.photos/seed/1193/300/300
Durable Ladder,"Discover the power of the Durable Ladder. Including long-lasting battery life and ergonomic design, it is designed to last.",391.48,Tools & Home Improvement,354,https://picsum.photos/seed/1194/300/300
Modern T-Shirt,"The Modern T-Shirt is the ultimate choice for Clothing enthusiasts. With robust construction and user-friendly interface, you won't be disappointed.",94.34,Clothing,472,https://picsum.photos/seed/1195/300/300
Essential Hammer,"Experience the best with our Essential Hammer. Designed for reliable performance, it offers compact storage and user-friendly interface.",305.88,Tools & Home Improvement,33,https://picsum.photos/seed/1196/300/300
Modern Model Kit,"Upgrade your lifestyle with this Modern Model Kit. It features high-quality materials, making it perfect for gift giving.",734.88,Toys & Games,418,https://picsum.photos/seed/1197/300/300
Advanced Jeans,"The Advanced Jeans is the ultimate choice for Clothing enthusiasts. With water resistance and easy functionality, you won't be disappointed.",930.1,Clothing,316,https://picsum.photos/seed/1198/300/300
Essential Tire Inflator,"Experience the best with our Essential Tire Inflator. Designed for improving efficiency, it offers robust construction and compact storage.",879.9,Automotive,479,https://picsum.photos/seed/1199/300/300
